[site]: stackoverflow
[post_id]: 5287429
[parent_id]: 5287402
[tags]: 
mysql> select * from employees order by emp_id; +--------+-----------------+---------+ | emp_id | name | boss_id | +--------+-----------------+---------+ | 1 | f00 | NULL | | 2 | ali later | 1 | | 3 | megan fox | 1 | | 4 | jessica alba | 3 | | 5 | eva longoria | 3 | | 6 | keira knightley | 5 | | 7 | liv tyler | 6 | | 8 | sophie marceau | 6 | +--------+-----------------+---------+ 8 rows in set (0.00 sec) mysql> select * from employees order by emp_id limit 2,4; +--------+-----------------+---------+ | emp_id | name | boss_id | +--------+-----------------+---------+ | 3 | megan fox | 1 | | 4 | jessica alba | 3 | | 5 | eva longoria | 3 | | 6 | keira knightley | 5 | +--------+-----------------+---------+ 4 rows in set (0.00 sec)
