[site]: stackoverflow
[post_id]: 3621434
[parent_id]: 3619650
[tags]: 
It's not a very elegant solution, but if you are not using a strict SQL MODE you should be able to do this with 2 updates: 1) Increment all of the column values by 1. The columns that were set to the max enum value will be set to 0 and MySQL will throw a warning. 2) Then you can execute a second update to set those column values to 1 instead of 0. Example: mysql> create table my_table ( -> id int not null primary key auto_increment, -> enum_column enum ('Offline', 'Online', 'Expired') -> ); Query OK, 0 rows affected (0.25 sec) mysql> mysql> \W Show warnings enabled. mysql> insert into my_table (enum_column) values ('Offline'), ('Online'), ('Expired'); Query OK, 3 rows affected (0.00 sec) Records: 3 Duplicates: 0 Warnings: 0 mysql> mysql> select * from my_table; +----+-------------+ | id | enum_column | +----+-------------+ | 1 | Offline | | 2 | Online | | 3 | Expired | +----+-------------+ 3 rows in set (0.00 sec) mysql> mysql> update my_table set enum_column = enum_column+1; Query OK, 3 rows affected, 1 warning (0.00 sec) Rows matched: 3 Changed: 3 Warnings: 1 Warning (Code 1265): Data truncated for column 'enum_column' at row 3 mysql> update my_table set enum_column = 1 where enum_column = 0; Query OK, 1 row affected (0.00 sec) Rows matched: 1 Changed: 1 Warnings: 0 mysql> mysql> select * from my_table; +----+-------------+ | id | enum_column | +----+-------------+ | 1 | Online | | 2 | Expired | | 3 | Offline | +----+-------------+ 3 rows in set (0.00 sec)
