[site]: stackoverflow
[post_id]: 5516373
[parent_id]: 5515354
[tags]: 
Here is some data. As you can see the name sorts in ASCII order, which is not exactly the same as alphabetical order: SQL> select id, name, somedate 2 from t42 3 order by name, somedate 4 / ID NAME SOMEDATE ---------- ---------- --------- 8 Billington 24-MAR-11 13 Cave 19-MAR-11 4 Clarke 28-MAR-11 919 Feuerstein 13-MAR-11 16 Gasparotto 16-MAR-11 1014 KULASH 18-MAR-11 1 Kestelyn 31-MAR-11 917 Kishore 15-MAR-11 2 Lira 30-MAR-11 6 PADFIELD 26-MAR-11 11 Rigby 21-MAR-11 1007 Robertson 25-MAR-11 12 SCHNEIDER 20-MAR-11 9 SPENCER 23-MAR-11 3 TRICHLER 29-MAR-11 918 VERREYNNE 14-MAR-11 10 boehmer 22-MAR-11 15 hall 17-MAR-11 920 poder 12-MAR-11 5 van wijk 27-MAR-11 1021 11-MAR-11 21 rows selected. SQL> Sorting by upper(name) makes it case-insensitive: SQL> select id, name, somedate 2 from t42 3 order by upper(name), somedate 4 / ID NAME SOMEDATE ---------- ---------- --------- 8 Billington 24-MAR-11 10 boehmer 22-MAR-11 13 Cave 19-MAR-11 4 Clarke 28-MAR-11 919 Feuerstein 13-MAR-11 16 Gasparotto 16-MAR-11 15 hall 17-MAR-11 1 Kestelyn 31-MAR-11 917 Kishore 15-MAR-11 1014 KULASH 18-MAR-11 2 Lira 30-MAR-11 6 PADFIELD 26-MAR-11 920 poder 12-MAR-11 11 Rigby 21-MAR-11 1007 Robertson 25-MAR-11 12 SCHNEIDER 20-MAR-11 9 SPENCER 23-MAR-11 3 TRICHLER 29-MAR-11 5 van wijk 27-MAR-11 918 VERREYNNE 14-MAR-11 1021 11-MAR-11 21 rows selected. SQL> The CASE() changes this further by grouping all the records within the specfied ID range first, then all the other records. The records in the selected range are just sorted by the DATE whereas the other records are still sorted by name then date: SQL> select id, name, somedate 2 from t42 3 ORDER BY 4 ( 5 CASE 6 WHEN id BETWEEN 900 AND 999 THEN '1AAAAA' 7 ELSE '2' 8 || upper(name) 9 END) ASC, 10 somedate DESC 11 / ID NAME SOMEDATE ---------- ---------- --------- 917 Kishore 15-MAR-11 918 VERREYNNE 14-MAR-11 919 Feuerstein 13-MAR-11 920 poder 12-MAR-11 1021 11-MAR-11 8 Billington 24-MAR-11 10 boehmer 22-MAR-11 13 Cave 19-MAR-11 4 Clarke 28-MAR-11 16 Gasparotto 16-MAR-11 15 hall 17-MAR-11 1 Kestelyn 31-MAR-11 1014 KULASH 18-MAR-11 2 Lira 30-MAR-11 6 PADFIELD 26-MAR-11 11 Rigby 21-MAR-11 1007 Robertson 25-MAR-11 12 SCHNEIDER 20-MAR-11 9 SPENCER 23-MAR-11 3 TRICHLER 29-MAR-11 5 van wijk 27-MAR-11 21 rows selected. SQL>
